cql://test/papers?start=-1024271532674537420&end=-875027554999833743;1;0;;
cql://test/papers?start=-1173515510349241097&end=-1024271532674537420;1;0;;
cql://test/papers?start=-1322759488023944774&end=-1173515510349241097;1;0;;
cql://test/papers?start=-142552888205817995&end=3942045152985155;1;0;;
cql://test/papers?start=-1472003465698648450&end=-1322759488023944774;1;0;;
cql://test/papers?start=-1618835628554357614&end=-1472003465698648450;1;0;;
cql://test/papers?start=-1765667791410066777&end=-1618835628554357614;1;0;;
cql://test/papers?start=-1912499954265775940&end=-1765667791410066777;1;0;;
cql://test/papers?start=-2059332117121485103&end=-1912499954265775940;1;0;;
cql://test/papers?start=-2206164279977194266&end=-2059332117121485103;1;0;;
cql://test/papers?start=-2352996442832903429&end=-2206164279977194266;1;0;;
cql://test/papers?start=-2499828605688612592&end=-2352996442832903429;1;0;;
cql://test/papers?start=-2641386906678759009&end=-2499828605688612592;1;0;;
cql://test/papers?start=-2782945207668905425&end=-2641386906678759009;1;1;1;
cql://test/papers?start=-289047821564621144&end=-142552888205817995;1;0;;
cql://test/papers?start=-2924503508659051841&end=-2782945207668905425;1;0;;
cql://test/papers?start=-3045418470972767384&end=-2924503508659051841;1;0;;
cql://test/papers?start=-3166333433286482927&end=-3045418470972767384;1;0;;
cql://test/papers?start=-3313266196584270255&end=-3166333433286482927;1;1;1;
cql://test/papers?start=-3460198959882057583&end=-3313266196584270255;1;0;;
cql://test/papers?start=-3607131723179844911&end=-3460198959882057583;1;0;;
cql://test/papers?start=-3754064486477632239&end=-3607131723179844911;1;0;;
cql://test/papers?start=-3900997249775419566&end=-3754064486477632239;1;0;;
cql://test/papers?start=-4047930013073206894&end=-3900997249775419566;1;0;;
cql://test/papers?start=-4194862776370994222&end=-4047930013073206894;1;1;1;
cql://test/papers?start=-4341795539668781550&end=-4194862776370994222;1;0;;
cql://test/papers?start=-435542754923424294&end=-289047821564621144;1;0;;
cql://test/papers?start=-4488728302966568877&end=-4341795539668781550;1;0;;
cql://test/papers?start=-4539967709076275226&end=-4488728302966568877;1;0;;
cql://test/papers?start=-4684313936071326421&end=-4539967709076275226;1;0;;
cql://test/papers?start=-4828660163066377616&end=-4684313936071326421;1;0;;
cql://test/papers?start=-5012794094247936774&end=-4828660163066377616;1;0;;
cql://test/papers?start=-5162803154334011862&end=-5012794094247936774;1;0;;
cql://test/papers?start=-5312812214420086950&end=-5162803154334011862;1;0;;
cql://test/papers?start=-5462821274506162038&end=-5312812214420086950;1;0;;
cql://test/papers?start=-5612830334592237125&end=-5462821274506162038;1;0;;
cql://test/papers?start=-5762839394678312213&end=-5612830334592237125;1;0;;
cql://test/papers?start=-582037688282227444&end=-435542754923424294;1;0;;
cql://test/papers?start=-5912848454764387301&end=-5762839394678312213;1;0;;
cql://test/papers?start=-6062857514850462389&end=-5912848454764387301;1;0;;
cql://test/papers?start=-6212866574936537476&end=-6062857514850462389;1;0;;
cql://test/papers?start=-6356215130758160890&end=-6212866574936537476;1;0;;
cql://test/papers?start=-6499563686579784303&end=-6356215130758160890;1;0;;
cql://test/papers?start=-6642912242401407716&end=-6499563686579784303;1;0;;
cql://test/papers?start=-6786260798223031129&end=-6642912242401407716;1;0;;
cql://test/papers?start=-6929609354044654542&end=-6786260798223031129;1;0;;
cql://test/papers?start=-7072957909866277955&end=-6929609354044654542;1;0;;
cql://test/papers?start=-7216306465687901369&end=-7072957909866277955;1;0;;
cql://test/papers?start=-728532621641030594&end=-582037688282227444;1;0;;
cql://test/papers?start=-7359655021509524782&end=-7216306465687901369;1;0;;
cql://test/papers?start=-7503003577331148195&end=-7359655021509524782;1;0;;
cql://test/papers?start=-7646352133152771608&end=-7503003577331148195;1;1;1;
cql://test/papers?start=-7789700688974395021&end=-7646352133152771608;1;0;;
cql://test/papers?start=-7933049244796018434&end=-7789700688974395021;1;0;;
cql://test/papers?start=-8079781912584389338&end=-7933049244796018434;1;0;;
cql://test/papers?start=-8226514580372760240&end=-8079781912584389338;1;0;;
cql://test/papers?start=-8373247248161131142&end=-8226514580372760240;1;0;;
cql://test/papers?start=-8519979915949502044&end=-8373247248161131142;1;0;;
cql://test/papers?start=-8666712583737872946&end=-8519979915949502044;1;0;;
cql://test/papers?start=-875027554999833743&end=-728532621641030594;1;0;;
cql://test/papers?start=-8813445251526243848&end=-8666712583737872946;1;0;;
cql://test/papers?start=-8960177919314614750&end=-8813445251526243848;1;0;;
cql://test/papers?start=-9106910587102985653&end=-8960177919314614750;1;0;;
cql://test/papers?start=-9223372036854775808&end=-9106910587102985653;1;0;;
cql://test/papers?start=1136835050796947392&end=1281818077751118258;1;0;;
cql://test/papers?start=1281818077751118258&end=1426801104705289123;1;0;;
cql://test/papers?start=1426801104705289123&end=1571784131659459988;1;0;;
cql://test/papers?start=150436978511788305&end=296931911870591455;1;0;;
cql://test/papers?start=1571784131659459988&end=1716767158613630854;1;0;;
cql://test/papers?start=1716767158613630854&end=1861750185567801719;1;0;;
cql://test/papers?start=1861750185567801719&end=2006733212521972585;1;0;;
cql://test/papers?start=2006733212521972585&end=2186209566993704708;1;0;;
cql://test/papers?start=2186209566993704708&end=2365685921465436831;1;0;;
cql://test/papers?start=2365685921465436831&end=2509073178803177075;1;0;;
cql://test/papers?start=2509073178803177075&end=2652460436140917319;1;0;;
cql://test/papers?start=2652460436140917319&end=2795847693478657563;1;0;;
cql://test/papers?start=2795847693478657563&end=2939234950816397807;1;0;;
cql://test/papers?start=2939234950816397807&end=3082622208154138051;1;0;;
cql://test/papers?start=296931911870591455&end=443426845229394605;1;0;;
cql://test/papers?start=3082622208154138051&end=3226009465491878295;1;0;;
cql://test/papers?start=3226009465491878295&end=3369396722829618539;1;0;;
cql://test/papers?start=3369396722829618539&end=3512783980167358783;1;0;;
cql://test/papers?start=3512783980167358783&end=3656171237505099027;1;0;;
cql://test/papers?start=3656171237505099027&end=3799558494842839271;1;0;;
cql://test/papers?start=3799558494842839271&end=3942945752180579515;1;0;;
cql://test/papers?start=3942045152985155&end=150436978511788305;1;0;;
cql://test/papers?start=3942945752180579515&end=4086333009518319760;1;0;;
cql://test/papers?start=4086333009518319760&end=4256762473311315730;1;0;;
cql://test/papers?start=4256762473311315730&end=4394312087337585103;1;0;;
cql://test/papers?start=4394312087337585103&end=4531861701363854477;1;0;;
cql://test/papers?start=443426845229394605&end=562150456723068485;1;0;;
cql://test/papers?start=4531861701363854477&end=4669411315390123851;1;0;;
cql://test/papers?start=4669411315390123851&end=4806960929416393224;1;0;;
cql://test/papers?start=4806960929416393224&end=4944510543442662598;1;0;;
cql://test/papers?start=4944510543442662598&end=5082060157468931972;1;0;;
cql://test/papers?start=5082060157468931972&end=5219609771495201346;1;0;;
cql://test/papers?start=5219609771495201346&end=5386650053556603753;1;0;;
cql://test/papers?start=5386650053556603753&end=5553690335618006160;1;0;;
cql://test/papers?start=5553690335618006160&end=5720730617679408568;1;0;;
cql://test/papers?start=562150456723068485&end=704509726805837073;1;0;;
cql://test/papers?start=5720730617679408568&end=5803559344986067288;1;0;;
cql://test/papers?start=5803559344986067288&end=5937584805329310053;1;0;;
cql://test/papers?start=5937584805329310053&end=6071610265672552819;1;0;;
cql://test/papers?start=6071610265672552819&end=6222756897316135113;1;0;;
cql://test/papers?start=6222756897316135113&end=6373903528959717408;1;0;;
cql://test/papers?start=6373903528959717408&end=6525050160603299702;1;0;;
cql://test/papers?start=6525050160603299702&end=6676196792246881997;1;0;;
cql://test/papers?start=6676196792246881997&end=6827343423890464291;1;0;;
cql://test/papers?start=6827343423890464291&end=6978490055534046586;1;0;;
cql://test/papers?start=6978490055534046586&end=7129636687177628880;1;0;;
cql://test/papers?start=704509726805837073&end=846868996888605662;1;0;;
cql://test/papers?start=7129636687177628880&end=7280783318821211175;1;0;;
cql://test/papers?start=7280783318821211175&end=7428200675002176671;1;0;;
cql://test/papers?start=7428200675002176671&end=7575618031183142167;1;0;;
cql://test/papers?start=7575618031183142167&end=7723035387364107663;1;0;;
cql://test/papers?start=7723035387364107663&end=7870452743545073160;1;0;;
cql://test/papers?start=7870452743545073160&end=8017870099726038656;1;0;;
cql://test/papers?start=8017870099726038656&end=8165287455907004152;1;0;;
cql://test/papers?start=8165287455907004152&end=8312704812087969649;1;0;;
cql://test/papers?start=8312704812087969649&end=8459437479876340551;1;0;;
cql://test/papers?start=8459437479876340551&end=8606170147664711453;1;0;;
cql://test/papers?start=846868996888605662&end=991852023842776527;1;0;;
cql://test/papers?start=8606170147664711453&end=8752902815453082355;1;0;;
cql://test/papers?start=8752902815453082355&end=8899635483241453257;1;0;;
cql://test/papers?start=8899635483241453257&end=9046368151029824159;1;1;1;
cql://test/papers?start=9046368151029824159&end=9193100818818195061;1;0;;
cql://test/papers?start=9193100818818195061&end=-9223372036854775808;1;0;;
cql://test/papers?start=991852023842776527&end=1136835050796947392;1;0;;
